prueba,condicion,repeticion,tiempo_ms
Q1_categoria,sin_indice,1,49.778
Q1_categoria,sin_indice,2,54.809
Q1_categoria,sin_indice,3,56.337
Q1_categoria,sin_indice,4,67.351
Q1_categoria,sin_indice,5,50.396
Q1_categoria,sin_indice,6,42.336
Q1_categoria,sin_indice,7,39.977
Q1_categoria,sin_indice,8,41.642
Q1_categoria,sin_indice,9,49.176
Q1_categoria,sin_indice,10,39.289
Q1_categoria,sin_indice,11,38.862
Q1_categoria,sin_indice,12,51.863
Q1_categoria,sin_indice,13,34.948
Q1_categoria,sin_indice,14,33.763
Q1_categoria,sin_indice,15,36.136
Q1_categoria,sin_indice,16,34.617
Q1_categoria,sin_indice,17,34.815
Q1_categoria,sin_indice,18,34.097
Q1_categoria,sin_indice,19,34.734
Q1_categoria,sin_indice,20,34.821
Q1_categoria,sin_indice,21,33.81
Q1_categoria,sin_indice,22,35.924
Q1_categoria,sin_indice,23,33.031
Q1_categoria,sin_indice,24,33.237
Q1_categoria,sin_indice,25,62.406
Q1_categoria,sin_indice,26,35.833
Q1_categoria,sin_indice,27,33.121
Q1_categoria,sin_indice,28,33.273
Q1_categoria,sin_indice,29,33.057
Q1_categoria,sin_indice,30,32.909
Q2_rango_precio,sin_indice,1,73.251
Q2_rango_precio,sin_indice,2,60.688
Q2_rango_precio,sin_indice,3,68.573
Q2_rango_precio,sin_indice,4,68.514
Q2_rango_precio,sin_indice,5,76.634
Q2_rango_precio,sin_indice,6,39.152
Q2_rango_precio,sin_indice,7,66.548
Q2_rango_precio,sin_indice,8,60.922
Q2_rango_precio,sin_indice,9,76.502
Q2_rango_precio,sin_indice,10,83.125
Q2_rango_precio,sin_indice,11,49.18
Q2_rango_precio,sin_indice,12,60.47
Q2_rango_precio,sin_indice,13,46.876
Q2_rango_precio,sin_indice,14,18.633
Q2_rango_precio,sin_indice,15,18.254
Q2_rango_precio,sin_indice,16,18.207
Q2_rango_precio,sin_indice,17,51.896
Q2_rango_precio,sin_indice,18,69.262
Q2_rango_precio,sin_indice,19,55.293
Q2_rango_precio,sin_indice,20,66.051
Q2_rango_precio,sin_indice,21,50.089
Q2_rango_precio,sin_indice,22,75.037
Q2_rango_precio,sin_indice,23,69.077
Q2_rango_precio,sin_indice,24,63.936
Q2_rango_precio,sin_indice,25,71.091
Q2_rango_precio,sin_indice,26,58.696
Q2_rango_precio,sin_indice,27,71.354
Q2_rango_precio,sin_indice,28,39.242
Q2_rango_precio,sin_indice,29,57.512
Q2_rango_precio,sin_indice,30,63.587
Q3_categoria_precio,sin_indice,1,57.055
Q3_categoria_precio,sin_indice,2,46.241
Q3_categoria_precio,sin_indice,3,24.985
Q3_categoria_precio,sin_indice,4,46.564
Q3_categoria_precio,sin_indice,5,70.406
Q3_categoria_precio,sin_indice,6,30.216
Q3_categoria_precio,sin_indice,7,36.047
Q3_categoria_precio,sin_indice,8,31.825
Q3_categoria_precio,sin_indice,9,37.471
Q3_categoria_precio,sin_indice,10,35.972
Q3_categoria_precio,sin_indice,11,38.537
Q3_categoria_precio,sin_indice,12,51.416
Q3_categoria_precio,sin_indice,13,59.896
Q3_categoria_precio,sin_indice,14,55.346
Q3_categoria_precio,sin_indice,15,40.718
Q3_categoria_precio,sin_indice,16,51.78
Q3_categoria_precio,sin_indice,17,42.558
Q3_categoria_precio,sin_indice,18,42.149
Q3_categoria_precio,sin_indice,19,38.021
Q3_categoria_precio,sin_indice,20,41.772
Q3_categoria_precio,sin_indice,21,42.871
Q3_categoria_precio,sin_indice,22,35.095
Q3_categoria_precio,sin_indice,23,45.681
Q3_categoria_precio,sin_indice,24,39.16
Q3_categoria_precio,sin_indice,25,53.986
Q3_categoria_precio,sin_indice,26,35.867
Q3_categoria_precio,sin_indice,27,47.391
Q3_categoria_precio,sin_indice,28,57.152
Q3_categoria_precio,sin_indice,29,64.961
Q3_categoria_precio,sin_indice,30,38.798
Q4_categoria_precio_talla,sin_indice,1,46.038
Q4_categoria_precio_talla,sin_indice,2,40.323
Q4_categoria_precio_talla,sin_indice,3,70.868
Q4_categoria_precio_talla,sin_indice,4,44.183
Q4_categoria_precio_talla,sin_indice,5,53.364
Q4_categoria_precio_talla,sin_indice,6,51.571
Q4_categoria_precio_talla,sin_indice,7,48.204
Q4_categoria_precio_talla,sin_indice,8,47.585
Q4_categoria_precio_talla,sin_indice,9,34.976
Q4_categoria_precio_talla,sin_indice,10,53.351
Q4_categoria_precio_talla,sin_indice,11,48.341
Q4_categoria_precio_talla,sin_indice,12,41.575
Q4_categoria_precio_talla,sin_indice,13,44.023
Q4_categoria_precio_talla,sin_indice,14,28.134
Q4_categoria_precio_talla,sin_indice,15,33.369
Q4_categoria_precio_talla,sin_indice,16,42.006
Q4_categoria_precio_talla,sin_indice,17,45.553
Q4_categoria_precio_talla,sin_indice,18,44.456
Q4_categoria_precio_talla,sin_indice,19,84.57
Q4_categoria_precio_talla,sin_indice,20,63.846
Q4_categoria_precio_talla,sin_indice,21,56.93
Q4_categoria_precio_talla,sin_indice,22,55.511
Q4_categoria_precio_talla,sin_indice,23,67.258
Q4_categoria_precio_talla,sin_indice,24,48.969
Q4_categoria_precio_talla,sin_indice,25,69.124
Q4_categoria_precio_talla,sin_indice,26,54.332
Q4_categoria_precio_talla,sin_indice,27,31.893
Q4_categoria_precio_talla,sin_indice,28,38.286
Q4_categoria_precio_talla,sin_indice,29,55.785
Q4_categoria_precio_talla,sin_indice,30,43.959
Q5_comercio,sin_indice,1,37.654
Q5_comercio,sin_indice,2,33.371
Q5_comercio,sin_indice,3,40.953
Q5_comercio,sin_indice,4,43.975
Q5_comercio,sin_indice,5,40.269
Q5_comercio,sin_indice,6,46.194
Q5_comercio,sin_indice,7,45.476
Q5_comercio,sin_indice,8,47.432
Q5_comercio,sin_indice,9,50.514
Q5_comercio,sin_indice,10,44.989
Q5_comercio,sin_indice,11,55.656
Q5_comercio,sin_indice,12,43.657
Q5_comercio,sin_indice,13,44.763
Q5_comercio,sin_indice,14,47.12
Q5_comercio,sin_indice,15,47.717
Q5_comercio,sin_indice,16,46.456
Q5_comercio,sin_indice,17,53.673
Q5_comercio,sin_indice,18,46.488
Q5_comercio,sin_indice,19,42.352
Q5_comercio,sin_indice,20,45.989
Q5_comercio,sin_indice,21,42.025
Q5_comercio,sin_indice,22,69.47
Q5_comercio,sin_indice,23,47.45
Q5_comercio,sin_indice,24,40.964
Q5_comercio,sin_indice,25,38.347
Q5_comercio,sin_indice,26,44.619
Q5_comercio,sin_indice,27,47.078
Q5_comercio,sin_indice,28,36.653
Q5_comercio,sin_indice,29,40.648
Q5_comercio,sin_indice,30,43.979
Q6_pedidos_cliente,sin_indice,1,77.714
Q6_pedidos_cliente,sin_indice,2,116.675
Q6_pedidos_cliente,sin_indice,3,113.963
Q6_pedidos_cliente,sin_indice,4,96.01
Q6_pedidos_cliente,sin_indice,5,113.591
Q6_pedidos_cliente,sin_indice,6,108.582
Q6_pedidos_cliente,sin_indice,7,113.141
Q6_pedidos_cliente,sin_indice,8,90.267
Q6_pedidos_cliente,sin_indice,9,71.497
Q6_pedidos_cliente,sin_indice,10,76.036
Q6_pedidos_cliente,sin_indice,11,95.722
Q6_pedidos_cliente,sin_indice,12,103.396
Q6_pedidos_cliente,sin_indice,13,106.493
Q6_pedidos_cliente,sin_indice,14,118.695
Q6_pedidos_cliente,sin_indice,15,113.215
Q6_pedidos_cliente,sin_indice,16,106.73
Q6_pedidos_cliente,sin_indice,17,107.723
Q6_pedidos_cliente,sin_indice,18,96.267
Q6_pedidos_cliente,sin_indice,19,112.526
Q6_pedidos_cliente,sin_indice,20,106.421
Q6_pedidos_cliente,sin_indice,21,90.071
Q6_pedidos_cliente,sin_indice,22,87.756
Q6_pedidos_cliente,sin_indice,23,90.701
Q6_pedidos_cliente,sin_indice,24,97.954
Q6_pedidos_cliente,sin_indice,25,122.381
Q6_pedidos_cliente,sin_indice,26,123.535
Q6_pedidos_cliente,sin_indice,27,131.519
Q6_pedidos_cliente,sin_indice,28,119.145
Q6_pedidos_cliente,sin_indice,29,129.246
Q6_pedidos_cliente,sin_indice,30,119.003
Q7_pedidos_producto,sin_indice,1,232.792
Q7_pedidos_producto,sin_indice,2,175.66
Q7_pedidos_producto,sin_indice,3,146.654
Q7_pedidos_producto,sin_indice,4,233.595
Q7_pedidos_producto,sin_indice,5,200.586
Q7_pedidos_producto,sin_indice,6,237.599
Q7_pedidos_producto,sin_indice,7,229.846
Q7_pedidos_producto,sin_indice,8,220.997
Q7_pedidos_producto,sin_indice,9,242.157
Q7_pedidos_producto,sin_indice,10,237.99
Q7_pedidos_producto,sin_indice,11,235.127
Q7_pedidos_producto,sin_indice,12,238.173
Q7_pedidos_producto,sin_indice,13,189.984
Q7_pedidos_producto,sin_indice,14,202.916
Q7_pedidos_producto,sin_indice,15,202.89
Q7_pedidos_producto,sin_indice,16,203.904
Q7_pedidos_producto,sin_indice,17,235.926
Q7_pedidos_producto,sin_indice,18,196.55
Q7_pedidos_producto,sin_indice,19,187.883
Q7_pedidos_producto,sin_indice,20,238.241
Q7_pedidos_producto,sin_indice,21,275.034
Q7_pedidos_producto,sin_indice,22,182.62
Q7_pedidos_producto,sin_indice,23,210.647
Q7_pedidos_producto,sin_indice,24,238.385
Q7_pedidos_producto,sin_indice,25,245.379
Q7_pedidos_producto,sin_indice,26,233.535
Q7_pedidos_producto,sin_indice,27,226.582
Q7_pedidos_producto,sin_indice,28,241.141
Q7_pedidos_producto,sin_indice,29,221.33
Q7_pedidos_producto,sin_indice,30,251.092
Q1_categoria,con_indice,1,30.993
Q1_categoria,con_indice,2,32.635
Q1_categoria,con_indice,3,30.367
Q1_categoria,con_indice,4,29.153
Q1_categoria,con_indice,5,34.887
Q1_categoria,con_indice,6,30.516
Q1_categoria,con_indice,7,29.289
Q1_categoria,con_indice,8,29.066
Q1_categoria,con_indice,9,28.789
Q1_categoria,con_indice,10,30.821
Q1_categoria,con_indice,11,32.454
Q1_categoria,con_indice,12,30.966
Q1_categoria,con_indice,13,31.87
Q1_categoria,con_indice,14,30.268
Q1_categoria,con_indice,15,30.484
Q1_categoria,con_indice,16,28.919
Q1_categoria,con_indice,17,29.522
Q1_categoria,con_indice,18,32.455
Q1_categoria,con_indice,19,30.201
Q1_categoria,con_indice,20,54.173
Q1_categoria,con_indice,21,32.158
Q1_categoria,con_indice,22,30.814
Q1_categoria,con_indice,23,33.414
Q1_categoria,con_indice,24,31.035
Q1_categoria,con_indice,25,30.873
Q1_categoria,con_indice,26,29.941
Q1_categoria,con_indice,27,29.286
Q1_categoria,con_indice,28,29.081
Q1_categoria,con_indice,29,28.911
Q1_categoria,con_indice,30,29.967
Q2_rango_precio,con_indice,1,11.908
Q2_rango_precio,con_indice,2,14.023
Q2_rango_precio,con_indice,3,11.081
Q2_rango_precio,con_indice,4,10.913
Q2_rango_precio,con_indice,5,12.647
Q2_rango_precio,con_indice,6,18.991
Q2_rango_precio,con_indice,7,10.636
Q2_rango_precio,con_indice,8,10.647
Q2_rango_precio,con_indice,9,10.356
Q2_rango_precio,con_indice,10,11.389
Q2_rango_precio,con_indice,11,10.138
Q2_rango_precio,con_indice,12,10.468
Q2_rango_precio,con_indice,13,10.127
Q2_rango_precio,con_indice,14,10.718
Q2_rango_precio,con_indice,15,10.489
Q2_rango_precio,con_indice,16,11.801
Q2_rango_precio,con_indice,17,11.436
Q2_rango_precio,con_indice,18,11.105
Q2_rango_precio,con_indice,19,16.656
Q2_rango_precio,con_indice,20,10.885
Q2_rango_precio,con_indice,21,10.114
Q2_rango_precio,con_indice,22,10.022
Q2_rango_precio,con_indice,23,10.076
Q2_rango_precio,con_indice,24,9.99
Q2_rango_precio,con_indice,25,9.886
Q2_rango_precio,con_indice,26,9.938
Q2_rango_precio,con_indice,27,10.581
Q2_rango_precio,con_indice,28,10.298
Q2_rango_precio,con_indice,29,9.925
Q2_rango_precio,con_indice,30,10.429
Q3_categoria_precio,con_indice,1,4.327
Q3_categoria_precio,con_indice,2,10.787
Q3_categoria_precio,con_indice,3,7.989
Q3_categoria_precio,con_indice,4,8.214
Q3_categoria_precio,con_indice,5,7.948
Q3_categoria_precio,con_indice,6,7.619
Q3_categoria_precio,con_indice,7,6.779
Q3_categoria_precio,con_indice,8,5.508
Q3_categoria_precio,con_indice,9,3.648
Q3_categoria_precio,con_indice,10,3.61
Q3_categoria_precio,con_indice,11,3.439
Q3_categoria_precio,con_indice,12,3.409
Q3_categoria_precio,con_indice,13,3.46
Q3_categoria_precio,con_indice,14,3.488
Q3_categoria_precio,con_indice,15,3.528
Q3_categoria_precio,con_indice,16,3.401
Q3_categoria_precio,con_indice,17,3.375
Q3_categoria_precio,con_indice,18,3.394
Q3_categoria_precio,con_indice,19,3.534
Q3_categoria_precio,con_indice,20,3.482
Q3_categoria_precio,con_indice,21,3.265
Q3_categoria_precio,con_indice,22,3.473
Q3_categoria_precio,con_indice,23,3.638
Q3_categoria_precio,con_indice,24,3.575
Q3_categoria_precio,con_indice,25,3.456
Q3_categoria_precio,con_indice,26,3.852
Q3_categoria_precio,con_indice,27,3.647
Q3_categoria_precio,con_indice,28,4.948
Q3_categoria_precio,con_indice,29,3.902
Q3_categoria_precio,con_indice,30,3.743
Q4_categoria_precio_talla,con_indice,1,11.344
Q4_categoria_precio_talla,con_indice,2,5.153
Q4_categoria_precio_talla,con_indice,3,5.031
Q4_categoria_precio_talla,con_indice,4,5.108
Q4_categoria_precio_talla,con_indice,5,5.838
Q4_categoria_precio_talla,con_indice,6,4.698
Q4_categoria_precio_talla,con_indice,7,6.326
Q4_categoria_precio_talla,con_indice,8,10.276
Q4_categoria_precio_talla,con_indice,9,6.864
Q4_categoria_precio_talla,con_indice,10,5.658
Q4_categoria_precio_talla,con_indice,11,5.296
Q4_categoria_precio_talla,con_indice,12,5.871
Q4_categoria_precio_talla,con_indice,13,6.835
Q4_categoria_precio_talla,con_indice,14,10.042
Q4_categoria_precio_talla,con_indice,15,7.795
Q4_categoria_precio_talla,con_indice,16,6.808
Q4_categoria_precio_talla,con_indice,17,9.179
Q4_categoria_precio_talla,con_indice,18,9.681
Q4_categoria_precio_talla,con_indice,19,6.566
Q4_categoria_precio_talla,con_indice,20,6.434
Q4_categoria_precio_talla,con_indice,21,6.044
Q4_categoria_precio_talla,con_indice,22,6.102
Q4_categoria_precio_talla,con_indice,23,6.32
Q4_categoria_precio_talla,con_indice,24,6.097
Q4_categoria_precio_talla,con_indice,25,5.428
Q4_categoria_precio_talla,con_indice,26,5.083
Q4_categoria_precio_talla,con_indice,27,4.973
Q4_categoria_precio_talla,con_indice,28,5.485
Q4_categoria_precio_talla,con_indice,29,5.67
Q4_categoria_precio_talla,con_indice,30,4.869
Q5_comercio,con_indice,1,1.377
Q5_comercio,con_indice,2,1.604
Q5_comercio,con_indice,3,1.298
Q5_comercio,con_indice,4,1.328
Q5_comercio,con_indice,5,1.02
Q5_comercio,con_indice,6,0.996
Q5_comercio,con_indice,7,0.949
Q5_comercio,con_indice,8,1.743
Q5_comercio,con_indice,9,1.902
Q5_comercio,con_indice,10,2.193
Q5_comercio,con_indice,11,1.085
Q5_comercio,con_indice,12,3.148
Q5_comercio,con_indice,13,2.845
Q5_comercio,con_indice,14,3.008
Q5_comercio,con_indice,15,1.814
Q5_comercio,con_indice,16,1.258
Q5_comercio,con_indice,17,1.391
Q5_comercio,con_indice,18,1.983
Q5_comercio,con_indice,19,1.112
Q5_comercio,con_indice,20,0.825
Q5_comercio,con_indice,21,1.664
Q5_comercio,con_indice,22,1.02
Q5_comercio,con_indice,23,0.954
Q5_comercio,con_indice,24,1.811
Q5_comercio,con_indice,25,0.943
Q5_comercio,con_indice,26,0.84
Q5_comercio,con_indice,27,1.623
Q5_comercio,con_indice,28,1.037
Q5_comercio,con_indice,29,0.94
Q5_comercio,con_indice,30,0.819
Q6_pedidos_cliente,con_indice,1,0.773
Q6_pedidos_cliente,con_indice,2,1.138
Q6_pedidos_cliente,con_indice,3,0.621
Q6_pedidos_cliente,con_indice,4,0.504
Q6_pedidos_cliente,con_indice,5,0.521
Q6_pedidos_cliente,con_indice,6,0.601
Q6_pedidos_cliente,con_indice,7,1.28
Q6_pedidos_cliente,con_indice,8,0.587
Q6_pedidos_cliente,con_indice,9,0.526
Q6_pedidos_cliente,con_indice,10,0.545
Q6_pedidos_cliente,con_indice,11,0.399
Q6_pedidos_cliente,con_indice,12,1.116
Q6_pedidos_cliente,con_indice,13,1.416
Q6_pedidos_cliente,con_indice,14,0.84
Q6_pedidos_cliente,con_indice,15,0.723
Q6_pedidos_cliente,con_indice,16,1.177
Q6_pedidos_cliente,con_indice,17,0.53
Q6_pedidos_cliente,con_indice,18,0.405
Q6_pedidos_cliente,con_indice,19,0.48
Q6_pedidos_cliente,con_indice,20,0.591
Q6_pedidos_cliente,con_indice,21,0.536
Q6_pedidos_cliente,con_indice,22,1.18
Q6_pedidos_cliente,con_indice,23,0.677
Q6_pedidos_cliente,con_indice,24,0.443
Q6_pedidos_cliente,con_indice,25,0.806
Q6_pedidos_cliente,con_indice,26,0.989
Q6_pedidos_cliente,con_indice,27,1.634
Q6_pedidos_cliente,con_indice,28,0.861
Q6_pedidos_cliente,con_indice,29,1.016
Q6_pedidos_cliente,con_indice,30,0.632
Q7_pedidos_producto,con_indice,1,1.811
Q7_pedidos_producto,con_indice,2,0.995
Q7_pedidos_producto,con_indice,3,0.799
Q7_pedidos_producto,con_indice,4,1.546
Q7_pedidos_producto,con_indice,5,0.893
Q7_pedidos_producto,con_indice,6,0.938
Q7_pedidos_producto,con_indice,7,0.883
Q7_pedidos_producto,con_indice,8,1.404
Q7_pedidos_producto,con_indice,9,0.884
Q7_pedidos_producto,con_indice,10,0.931
Q7_pedidos_producto,con_indice,11,0.853
Q7_pedidos_producto,con_indice,12,0.878
Q7_pedidos_producto,con_indice,13,0.95
Q7_pedidos_producto,con_indice,14,1.017
Q7_pedidos_producto,con_indice,15,1.87
Q7_pedidos_producto,con_indice,16,2.136
Q7_pedidos_producto,con_indice,17,1.132
Q7_pedidos_producto,con_indice,18,1.185
Q7_pedidos_producto,con_indice,19,0.951
Q7_pedidos_producto,con_indice,20,0.948
Q7_pedidos_producto,con_indice,21,1.12
Q7_pedidos_producto,con_indice,22,0.907
Q7_pedidos_producto,con_indice,23,0.903
Q7_pedidos_producto,con_indice,24,0.788
Q7_pedidos_producto,con_indice,25,0.758
Q7_pedidos_producto,con_indice,26,0.757
Q7_pedidos_producto,con_indice,27,0.676
Q7_pedidos_producto,con_indice,28,0.745
Q7_pedidos_producto,con_indice,29,0.707
Q7_pedidos_producto,con_indice,30,0.794
A1_ventas_por_categoria,agregacion,1,39817.689
A1_ventas_por_categoria,agregacion,2,39276.492
A1_ventas_por_categoria,agregacion,3,40030.842
A1_ventas_por_categoria,agregacion,4,39715.982
A1_ventas_por_categoria,agregacion,5,39503.257
A2_ticket_promedio,agregacion,1,246.749
A2_ticket_promedio,agregacion,2,264.298
A2_ticket_promedio,agregacion,3,258.835
A2_ticket_promedio,agregacion,4,252.691
A2_ticket_promedio,agregacion,5,251.731
A3_productos_mas_vendidos,agregacion,1,784.695
A3_productos_mas_vendidos,agregacion,2,776.931
A3_productos_mas_vendidos,agregacion,3,760.206
A3_productos_mas_vendidos,agregacion,4,678.188
A3_productos_mas_vendidos,agregacion,5,755.304
